{"unzip": {"ptcov": [16.639330863952637, 16.63213324546814, 15.87624478340149], "libxdc": [4.916920185089111, 4.9157609939575195, 4.916019916534424]}}