{"mruby": {"ptcov": [5.494478702545166, 5.457609176635742, 5.927775859832764], "libxdc": [4.750584125518799, 4.7598557472229, 4.837369680404663]}}